Year,Sport,NOC,0
2024,Archery,AUS,0.14
2024,Archery,AUT,2.17
2024,Archery,AZE,20.83
2024,Archery,BAN,11.03
2024,Archery,BEL,2.1
2024,Archery,BHU,0.54
2024,Archery,BLR,0.65
2024,Archery,BRA,0.54
2024,Archery,CAN,0.01
2024,Archery,CHI,0.31
2024,Archery,CHN,0.31
2024,Archery,CIV,6.33
2024,Archery,COL,2.42
2024,Archery,CUB,5.64
2024,Archery,DOM,0.03
2024,Archery,EGY,0.66
2024,Archery,ESP,0.0
2024,Archery,EST,0.48
2024,Archery,FIJ,10.95
2024,Archery,FIN,7.98
2024,Archery,FRA,0.77
2024,Archery,GBR,2.64
2024,Archery,GEO,0.65
2024,Archery,GER,0.15
2024,Archery,GRE,0.0
2024,Archery,INA,0.0
2024,Archery,IND,0.0
2024,Archery,IRI,0.06
2024,Archery,ITA,0.04
2024,Archery,JPN,3.72
2024,Archery,KAZ,1.86
2024,Archery,KEN,18.24
2024,Archery,KOR,0.47
2024,Archery,LBA,5.9
2024,Archery,MAS,0.07
2024,Archery,MAW,0.41
2024,Archery,MDA,0.38
2024,Archery,MEX,0.16
2024,Archery,MGL,0.02
2024,Archery,MYA,0.0
2024,Archery,NED,0.0
2024,Archery,NEP,0.0
2024,Archery,NOR,0.05
2024,Archery,POL,0.0
2024,Archery,PRK,0.0
2024,Archery,RUS,0.0
2024,Archery,SVK,0.19
2024,Archery,SWE,0.7
2024,Archery,TGA,2.46
2024,Archery,THA,1.06
2024,Archery,TPE,0.31
2024,Archery,TUR,0.09
2024,Archery,UKR,1.17
2024,Archery,USA,1.45
2024,Archery,VEN,0.2
2024,Archery,ZIM,3.99
2024,Athletics,AFG,0.01
2024,Athletics,ALB,0.01
2024,Athletics,ALG,0.01
2024,Athletics,AND,0.08
2024,Athletics,ANG,0.01
2024,Athletics,ANT,0.01
2024,Athletics,ARG,0.01
2024,Athletics,ARM,0.85
2024,Athletics,ASA,0.17
2024,Athletics,AUS,0.15
2024,Athletics,AUT,1.66
2024,Athletics,AZE,3.4
2024,Athletics,BAH,2.47
2024,Athletics,BAN,10.45
2024,Athletics,BAR,2.1
2024,Athletics,BDI,0.82
2024,Athletics,BEL,0.99
2024,Athletics,BEN,5.61
2024,Athletics,BER,1.1
2024,Athletics,BIH,0.0
2024,Athletics,BIZ,0.0
2024,Athletics,BLR,0.33
2024,Athletics,BOL,2.32
2024,Athletics,BOT,0.77
2024,Athletics,BRA,0.07
2024,Athletics,BRN,0.94
2024,Athletics,BRU,0.21
2024,Athletics,BUL,0.07
2024,Athletics,BUR,0.0
2024,Athletics,CAF,0.0
2024,Athletics,CAM,0.0
2024,Athletics,CAN,0.0
2024,Athletics,CAY,0.44
2024,Athletics,CGO,0.32
2024,Athletics,CHA,0.3
2024,Athletics,CHI,0.48
2024,Athletics,CHN,0.6
2024,Athletics,CIV,9.24
2024,Athletics,CMR,1.47
2024,Athletics,COD,3.03
2024,Athletics,COK,0.84
2024,Athletics,COL,0.6
2024,Athletics,COM,0.6
2024,Athletics,CPV,0.48
2024,Athletics,CRC,0.48
2024,Athletics,CRO,0.52
2024,Athletics,CUB,3.45
2024,Athletics,CYP,0.74
2024,Athletics,CZE,0.06
2024,Athletics,DEN,0.18
2024,Athletics,DJI,0.03
2024,Athletics,DMA,0.03
2024,Athletics,DOM,0.03
2024,Athletics,ECU,0.2
2024,Athletics,EGY,0.68
2024,Athletics,ERI,0.04
2024,Athletics,ESA,0.1
2024,Athletics,ESP,0.0
2024,Athletics,EST,0.57
2024,Athletics,ETH,1.06
2024,Athletics,FIJ,11.59
2024,Athletics,FIN,9.43
2024,Athletics,FRA,0.3
2024,Athletics,FSM,0.38
2024,Athletics,GAB,2.07
2024,Athletics,GAM,1.63
2024,Athletics,GBR,0.93
2024,Athletics,GBS,0.6
2024,Athletics,GEO,0.43
2024,Athletics,GEQ,0.6
2024,Athletics,GER,0.23
2024,Athletics,GHA,25.56
2024,Athletics,GRE,0.0
2024,Athletics,GRN,0.0
2024,Athletics,GUA,0.21
2024,Athletics,GUI,0.03
2024,Athletics,GUM,0.2
2024,Athletics,GUY,0.0
2024,Athletics,HAI,0.0
2024,Athletics,HKG,0.0
2024,Athletics,HON,0.0
2024,Athletics,HUN,0.0
2024,Athletics,INA,0.0
2024,Athletics,IND,0.0
2024,Athletics,IRI,0.06
2024,Athletics,IRL,0.22
2024,Athletics,ISL,0.01
2024,Athletics,ISR,0.0
2024,Athletics,ISV,0.12
2024,Athletics,ITA,0.04
2024,Athletics,IVB,0.56
2024,Athletics,JAM,0.0
2024,Athletics,JOR,0.0
2024,Athletics,JPN,4.92
2024,Athletics,KAZ,1.69
2024,Athletics,KEN,19.92
2024,Athletics,KGZ,1.82
2024,Athletics,KIR,1.41
2024,Athletics,KOR,0.47
2024,Athletics,KOS,9.79
2024,Athletics,KSA,5.17
2024,Athletics,LAO,9.34
2024,Athletics,LAT,21.16
2024,Athletics,LBA,21.16
2024,Athletics,LBR,0.26
2024,Athletics,LCA,0.06
2024,Athletics,LES,0.08
2024,Athletics,LIB,0.7
2024,Athletics,LTU,0.02
2024,Athletics,LUX,0.0
2024,Athletics,MAD,0.0
2024,Athletics,MAR,0.01
2024,Athletics,MAS,0.09
2024,Athletics,MAW,0.5
2024,Athletics,MDA,0.12
2024,Athletics,MDV,0.04
2024,Athletics,MEX,0.24
2024,Athletics,MGL,0.02
2024,Athletics,MHL,0.0
2024,Athletics,MKD,0.0
2024,Athletics,MLI,0.0
2024,Athletics,MLT,0.0
2024,Athletics,MNE,0.15
2024,Athletics,MON,0.0
2024,Athletics,MOZ,0.0
2024,Athletics,MRI,0.0
2024,Athletics,MTN,0.0
2024,Athletics,MYA,0.0
2024,Athletics,NAM,0.0
2024,Athletics,NCA,0.2
2024,Athletics,NED,0.0
2024,Athletics,NEP,0.0
2024,Athletics,NGR,0.0
2024,Athletics,NIG,0.12
2024,Athletics,NOR,0.03
2024,Athletics,NZL,0.28
2024,Athletics,OMA,6.25
2024,Athletics,PAK,1.18
2024,Athletics,PAN,2.81
2024,Athletics,PAR,2.95
2024,Athletics,PER,3.08
2024,Athletics,PHI,0.58
2024,Athletics,PLE,0.12
2024,Athletics,PLW,1.35
2024,Athletics,PNG,0.27
2024,Athletics,POL,0.0
2024,Athletics,POR,0.0
2024,Athletics,PRK,0.0
2024,Athletics,PUR,0.0
2024,Athletics,QAT,0.05
2024,Athletics,ROT,0.15
2024,Athletics,ROU,0.09
2024,Athletics,RSA,0.0
2024,Athletics,RUS,0.0
2024,Athletics,RWA,0.01
2024,Athletics,SAM,0.01
2024,Athletics,SEN,0.24
2024,Athletics,SEY,0.05
2024,Athletics,SGP,5.43
2024,Athletics,SKN,0.01
2024,Athletics,SLE,0.0
2024,Athletics,SLO,0.0
2024,Athletics,SMR,0.0
2024,Athletics,SOL,0.0
2024,Athletics,SOM,0.0
2024,Athletics,SRB,0.0
2024,Athletics,SRI,0.15
2024,Athletics,SSD,1.96
2024,Athletics,STP,0.46
2024,Athletics,SUD,0.03
2024,Athletics,SUI,0.0
2024,Athletics,SUR,0.0
2024,Athletics,SVK,0.08
2024,Athletics,SWE,0.1
2024,Athletics,SWZ,0.28
2024,Athletics,SYR,1.36
2024,Athletics,TAN,0.08
2024,Athletics,TGA,0.0
2024,Athletics,THA,0.0
2024,Athletics,TJK,0.27
2024,Athletics,TKM,0.0
2024,Athletics,TLS,0.03
2024,Athletics,TOG,0.0
2024,Athletics,TPE,0.07
2024,Athletics,TTO,0.0
2024,Athletics,TUN,0.06
2024,Athletics,TUR,0.0
2024,Athletics,TUV,0.0
2024,Athletics,UAE,0.0
2024,Athletics,UGA,0.54
2024,Athletics,UKR,1.17
2024,Athletics,URU,10.94
2024,Athletics,USA,2.13
2024,Athletics,UZB,0.52
2024,Athletics,VEN,0.2
2024,Athletics,VIE,0.2
2024,Athletics,VIN,3.69
2024,Athletics,YEM,2.47
2024,Athletics,ZAM,0.93
2024,Athletics,ZIM,2.03
2024,Badminton,AUS,0.22
2024,Badminton,AUT,7.19
2024,Badminton,BEL,0.99
2024,Badminton,BRA,0.21
2024,Badminton,BRU,0.49
2024,Badminton,BUL,0.21
2024,Badminton,CAN,0.06
2024,Badminton,CHN,0.04
2024,Badminton,CUB,1.88
2024,Badminton,CZE,0.54
2024,Badminton,DEN,2.33
2024,Badminton,ESP,0.0
2024,Badminton,EST,1.07
2024,Badminton,FIN,41.34
2024,Badminton,FRA,0.19
2024,Badminton,GBR,0.13
2024,Badminton,GER,1.03
2024,Badminton,GUA,1.81
2024,Badminton,HKG,0.0
2024,Badminton,HUN,0.0
2024,Badminton,INA,0.0
2024,Badminton,IND,0.0
2024,Badminton,IRL,0.22
2024,Badminton,ISR,0.0
2024,Badminton,ITA,0.04
2024,Badminton,JPN,4.39
2024,Badminton,KOR,2.26
2024,Badminton,MAS,0.23
2024,Badminton,MEX,3.94
2024,Badminton,MRI,0.0
2024,Badminton,NED,0.0
2024,Badminton,POL,0.03
2024,Badminton,POR,0.0
2024,Badminton,RSA,0.15
2024,Badminton,RUS,0.0
2024,Badminton,SGP,48.18
2024,Badminton,SRI,0.15
2024,Badminton,SUI,0.0
2024,Badminton,SUR,0.0
2024,Badminton,SWE,0.1
2024,Badminton,THA,0.0
2024,Badminton,TPE,2.27
2024,Badminton,TUR,0.0
2024,Badminton,UKR,0.11
2024,Badminton,USA,2.1
2024,Badminton,VIE,0.02
2024,Basketball,ARG,0.12
2024,Basketball,AUS,1.42
2024,Basketball,BLR,0.0
2024,Basketball,BRA,0.14
2024,Basketball,CAN,0.0
2024,Basketball,CHN,3.44
2024,Basketball,CRO,2.66
2024,Basketball,ESP,0.48
2024,Basketball,FRA,0.22
2024,Basketball,JPN,1.9
2024,Basketball,LTU,0.12
2024,Basketball,NGR,0.06
2024,Basketball,SEN,0.98
2024,Basketball,SRB,0.0
2024,Basketball,TUR,0.05
2024,Basketball,USA,1.21
2024,Basketball,VEN,0.01
2024,Beach Volleyball,ARG,2.16
2024,Beach Volleyball,AUS,12.22
2024,Beach Volleyball,AUT,19.04
2024,Beach Volleyball,BRA,0.96
2024,Beach Volleyball,CAN,0.48
2024,Beach Volleyball,CHI,0.48
2024,Beach Volleyball,CHN,0.48
2024,Beach Volleyball,CRC,11.28
2024,Beach Volleyball,CUB,20.26
2024,Beach Volleyball,CZE,14.01
2024,Beach Volleyball,EGY,6.27
2024,Beach Volleyball,ESP,6.0
2024,Beach Volleyball,GER,0.63
2024,Beach Volleyball,ITA,0.08
2024,Beach Volleyball,LAT,56.28
2024,Beach Volleyball,MEX,4.05
2024,Beach Volleyball,NED,0.06
2024,Beach Volleyball,POL,0.03
2024,Beach Volleyball,QAT,0.02
2024,Beach Volleyball,RUS,0.1
2024,Beach Volleyball,SUI,0.4
2024,Beach Volleyball,TUN,1.71
2024,Beach Volleyball,USA,2.01
2024,Beach Volleyball,VEN,1.61
2024,Boxing,ALG,1.2
2024,Boxing,ARG,1.32
2024,Boxing,ARM,14.28
2024,Boxing,AUS,13.46
2024,Boxing,AZE,4.97
2024,Boxing,BLR,0.24
2024,Boxing,BRA,0.3
2024,Boxing,BUL,0.66
2024,Boxing,CAF,0.42
2024,Boxing,CAN,0.18
2024,Boxing,CGO,0.02
2024,Boxing,CHN,0.22
2024,Boxing,CMR,0.52
2024,Boxing,COL,0.22
2024,Boxing,CPV,0.72
2024,Boxing,CRO,1.44
2024,Boxing,CUB,2.58
2024,Boxing,DOM,3.24
2024,Boxing,ECU,3.19
2024,Boxing,EGY,6.32
2024,Boxing,ESP,7.23
2024,Boxing,FIJ,20.09
2024,Boxing,FIN,27.42
2024,Boxing,FRA,4.78
2024,Boxing,FSM,5.57
2024,Boxing,GBR,5.55
2024,Boxing,GER,4.36
2024,Boxing,GHA,8.21
2024,Boxing,HAI,0.0
2024,Boxing,HON,0.0
2024,Boxing,HUN,0.0
2024,Boxing,IND,0.02
2024,Boxing,IRI,0.74
2024,Boxing,IRL,4.34
2024,Boxing,IRQ,0.12
2024,Boxing,ISV,0.2
2024,Boxing,ITA,0.12
2024,Boxing,JOR,0.0
2024,Boxing,JPN,14.47
2024,Boxing,KAZ,9.97
2024,Boxing,KEN,8.54
2024,Boxing,KGZ,2.98
2024,Boxing,KOR,2.22
2024,Boxing,LES,0.23
2024,Boxing,LTU,0.23
2024,Boxing,MAR,0.35
2024,Boxing,MEX,1.11
2024,Boxing,MGL,0.79
2024,Boxing,MRI,0.17
2024,Boxing,NAM,0.13
2024,Boxing,NED,0.13
2024,Boxing,NGR,0.12
2024,Boxing,PAN,0.48
2024,Boxing,PHI,0.1
2024,Boxing,PNG,0.27
2024,Boxing,POL,0.03
2024,Boxing,PUR,0.02
2024,Boxing,QAT,0.02
2024,Boxing,ROU,0.26
2024,Boxing,RUS,0.1
2024,Boxing,SEY,0.12
2024,Boxing,SWE,0.16
2024,Boxing,THA,0.49
2024,Boxing,TJK,0.83
2024,Boxing,TKM,0.71
2024,Boxing,TPE,0.83
2024,Boxing,TTO,1.67
2024,Boxing,TUN,2.6
2024,Boxing,TUR,1.69
2024,Boxing,UGA,1.61
2024,Boxing,UKR,2.0
2024,Boxing,USA,1.93
2024,Boxing,UZB,2.28
2024,Boxing,VAN,1.98
2024,Boxing,VEN,1.49
2024,Boxing,ZAM,13.89
2024,Canoeing,ARG,0.01
2024,Canoeing,AUS,1.98
2024,Canoeing,AUT,2.11
2024,Canoeing,AZE,0.33
2024,Canoeing,BEL,0.02
2024,Canoeing,BLR,0.86
2024,Canoeing,BRA,1.88
2024,Canoeing,BUL,1.07
2024,Canoeing,CAN,0.83
2024,Canoeing,CHN,0.66
2024,Canoeing,COK,0.36
2024,Canoeing,CUB,1.32
2024,Canoeing,CZE,0.3
2024,Canoeing,DEN,0.46
2024,Canoeing,ECU,0.84
2024,Canoeing,EGY,0.37
2024,Canoeing,ESP,0.41
2024,Canoeing,FRA,1.39
2024,Canoeing,GBR,2.89
2024,Canoeing,GEO,1.03
2024,Canoeing,GER,1.84
2024,Canoeing,HUN,0.0
2024,Canoeing,IRI,0.46
2024,Canoeing,ITA,0.21
2024,Canoeing,JPN,1.08
2024,Canoeing,KAZ,0.8
2024,Canoeing,KOR,0.66
2024,Canoeing,LAT,1.52
2024,Canoeing,LIB,0.06
2024,Canoeing,LTU,0.03
2024,Canoeing,MAR,0.0
2024,Canoeing,MDA,0.01
2024,Canoeing,MEX,0.18
2024,Canoeing,MOZ,0.73
2024,Canoeing,NGR,0.13
2024,Canoeing,NZL,0.0
2024,Canoeing,PLW,1.16
2024,Canoeing,POL,0.02
2024,Canoeing,POR,0.04
2024,Canoeing,RSA,0.31
2024,Canoeing,RUS,0.14
2024,Canoeing,SAM,0.07
2024,Canoeing,SEN,0.14
2024,Canoeing,SLO,0.72
2024,Canoeing,SRB,0.02
2024,Canoeing,STP,0.08
2024,Canoeing,SUI,0.02
2024,Canoeing,SVK,0.02
2024,Canoeing,SWE,0.02
2024,Canoeing,TUN,1.94
2024,Canoeing,TUR,0.48
2024,Canoeing,UKR,0.29
2024,Canoeing,USA,0.59
2024,Canoeing,UZB,1.02
2024,Cycling,ALG,0.02
2024,Cycling,ARG,0.01
2024,Cycling,AUS,1.77
2024,Cycling,AUT,1.4
2024,Cycling,AZE,0.49
2024,Cycling,BEL,0.04
2024,Cycling,BLR,0.73
2024,Cycling,BOL,1.27
2024,Cycling,BRA,0.47
2024,Cycling,BUL,0.63
2024,Cycling,CAN,0.51
2024,Cycling,CHI,0.42
2024,Cycling,CHN,0.42
2024,Cycling,COL,0.18
2024,Cycling,CRC,0.12
2024,Cycling,CRO,0.12
2024,Cycling,CUB,0.08
2024,Cycling,CYP,0.88
2024,Cycling,CZE,0.82
2024,Cycling,DEN,0.72
2024,Cycling,DOM,0.95
2024,Cycling,ECU,1.14
2024,Cycling,EGY,0.44
2024,Cycling,ERI,0.34
2024,Cycling,ESP,0.44
2024,Cycling,EST,1.98
2024,Cycling,ETH,1.08
2024,Cycling,FIN,16.99
2024,Cycling,FRA,1.42
2024,Cycling,GBR,4.63
2024,Cycling,GER,2.28
2024,Cycling,GRE,2.49
2024,Cycling,GUA,33.58
2024,Cycling,GUM,0.0
2024,Cycling,HKG,0.0
2024,Cycling,HUN,0.0
2024,Cycling,INA,0.0
2024,Cycling,IRI,0.46
2024,Cycling,IRL,2.05
2024,Cycling,ISR,0.26
2024,Cycling,ITA,0.85
2024,Cycling,JPN,1.0
2024,Cycling,KAZ,0.72
2024,Cycling,KOR,0.66
2024,Cycling,KOS,0.35
2024,Cycling,LAO,0.0
2024,Cycling,LAT,0.1
2024,Cycling,LES,0.06
2024,Cycling,LTU,0.03
2024,Cycling,LUX,0.03
2024,Cycling,MAR,0.0
2024,Cycling,MAS,0.0
2024,Cycling,MEX,0.05
2024,Cycling,NAM,0.13
2024,Cycling,NED,0.48
2024,Cycling,NOR,0.14
2024,Cycling,NZL,1.6
2024,Cycling,POL,0.06
2024,Cycling,POR,0.08
2024,Cycling,PUR,0.08
2024,Cycling,ROU,0.39
2024,Cycling,RSA,0.39
2024,Cycling,RUS,0.22
2024,Cycling,RWA,0.11
2024,Cycling,SLO,0.25
2024,Cycling,SRB,0.0
2024,Cycling,SUI,0.0
2024,Cycling,SVK,0.0
2024,Cycling,SWE,0.0
2024,Cycling,THA,0.89
2024,Cycling,TLS,1.78
2024,Cycling,TPE,1.66
2024,Cycling,TTO,1.88
2024,Cycling,TUN,3.22
2024,Cycling,TUR,0.78
2024,Cycling,UAE,0.56
2024,Cycling,UKR,0.55
2024,Cycling,USA,0.74
2024,Cycling,VEN,0.38
2024,Diving,AUS,0.64
2024,Diving,AUT,0.56
2024,Diving,BLR,0.46
2024,Diving,BRA,0.26
2024,Diving,CAN,0.62
2024,Diving,CHN,1.02
2024,Diving,COL,0.12
2024,Diving,CRO,0.18
2024,Diving,EGY,0.59
2024,Diving,FRA,1.17
2024,Diving,GBR,2.31
2024,Diving,GER,2.6
2024,Diving,HUN,0.0
2024,Diving,IRL,2.06
2024,Diving,ITA,1.77
2024,Diving,JAM,0.36
2024,Diving,JPN,2.83
2024,Diving,KOR,0.74
2024,Diving,MAS,0.0
2024,Diving,MEX,0.05
2024,Diving,NED,0.5
2024,Diving,NZL,0.28
2024,Diving,PRK,0.0
2024,Diving,PUR,0.0
2024,Diving,RSA,0.23
2024,Diving,RUS,0.06
2024,Diving,UKR,0.34
2024,Diving,USA,0.19
2024,Diving,VEN,0.21
2024,Equestrianism,ARG,0.02
2024,Equestrianism,AUS,0.77
2024,Equestrianism,AUT,0.89
2024,Equestrianism,BEL,0.06
2024,Equestrianism,BRA,0.2
2024,Equestrianism,CAN,0.33
2024,Equestrianism,CHI,0.85
2024,Equestrianism,CHN,0.85
2024,Equestrianism,COL,0.0
2024,Equestrianism,DEN,2.51
2024,Equestrianism,DOM,1.85
2024,Equestrianism,ECU,1.92
2024,Equestrianism,EGY,0.61
2024,Equestrianism,ESP,0.66
2024,Equestrianism,FIN,2.69
2024,Equestrianism,FRA,1.17
2024,Equestrianism,GBR,2.24
2024,Equestrianism,GER,4.08
2024,Equestrianism,IRL,2.09
2024,Equestrianism,ITA,2.02
2024,Equestrianism,JPN,4.28
2024,Equestrianism,KOR,4.62
2024,Equestrianism,MAR,0.0
2024,Equestrianism,MEX,0.05
2024,Equestrianism,NED,0.63
2024,Equestrianism,NZL,0.3
2024,Equestrianism,PER,0.54
2024,Equestrianism,PLE,0.02
2024,Equestrianism,POL,0.0
2024,Equestrianism,POR,0.0
2024,Equestrianism,PUR,0.0
2024,Equestrianism,QAT,0.0
2024,Equestrianism,RSA,0.39
2024,Equestrianism,RUS,0.04
2024,Equestrianism,SUI,0.0
2024,Equestrianism,SWE,0.0
2024,Equestrianism,TPE,1.55
2024,Equestrianism,TUR,0.47
2024,Equestrianism,UKR,0.25
2024,Equestrianism,URU,3.98
2024,Equestrianism,USA,0.09
2024,Equestrianism,VEN,0.14
2024,Equestrianism,ZIM,2.27
2024,Fencing,ALG,0.15
2024,Fencing,ARG,0.17
2024,Fencing,AUT,8.12
2024,Fencing,AZE,1.9
2024,Fencing,BEL,1.58
2024,Fencing,BEN,1.65
2024,Fencing,BLR,5.81
2024,Fencing,BRA,5.2
2024,Fencing,BUL,0.88
2024,Fencing,CAN,1.48
2024,Fencing,CHN,0.33
2024,Fencing,CIV,6.62
2024,Fencing,COL,0.0
2024,Fencing,CUB,0.02
2024,Fencing,CZE,3.33
2024,Fencing,EGY,2.13
2024,Fencing,EST,7.34
2024,Fencing,FRA,0.86
2024,Fencing,GBR,2.98
2024,Fencing,GEO,2.74
2024,Fencing,GER,5.35
2024,Fencing,GRE,3.41
2024,Fencing,HKG,0.0
2024,Fencing,HUN,0.0
2024,Fencing,IOA,0.0
2024,Fencing,IRI,22.2
2024,Fencing,ITA,0.29
2024,Fencing,JPN,5.76
2024,Fencing,KAZ,3.49
2024,Fencing,KOR,0.22
2024,Fencing,KSA,0.0
2024,Fencing,LIB,0.3
2024,Fencing,MAR,0.0
2024,Fencing,MEX,0.01
2024,Fencing,NED,0.17
2024,Fencing,PAN,4.03
2024,Fencing,POL,0.61
2024,Fencing,ROU,0.12
2024,Fencing,RUS,0.14
2024,Fencing,SEN,0.48
2024,Fencing,SUI,0.0
2024,Fencing,TUN,3.78
2024,Fencing,TUR,1.48
2024,Fencing,UKR,1.07
2024,Fencing,USA,0.9
2024,Fencing,VEN,1.14
2024,Fencing,VIE,1.25
2024,Football,ALG,0.15
2024,Football,ARG,0.23
2024,Football,AUS,1.5
2024,Football,BRA,2.4
2024,Football,CAN,1.42
2024,Football,CHN,0.6
2024,Football,COL,0.01
2024,Football,DEN,4.46
2024,Football,FIJ,1.86
2024,Football,FRA,3.42
2024,Football,GER,9.07
2024,Football,HON,0.0
2024,Football,IRQ,0.24
2024,Football,JPN,14.63
2024,Football,KOR,0.29
2024,Football,MEX,0.0
2024,Football,NGR,0.03
2024,Football,NZL,1.42
2024,Football,POR,0.74
2024,Football,RSA,0.21
2024,Football,SWE,0.04
2024,Football,USA,0.25
2024,Football,ZIM,0.92
2024,Golf,ARG,0.96
2024,Golf,AUS,3.17
2024,Golf,AUT,4.28
2024,Golf,BAN,2.17
2024,Golf,BEL,0.75
2024,Golf,BRA,1.6
2024,Golf,CAN,5.4
2024,Golf,CHI,4.14
2024,Golf,CHN,4.14
2024,Golf,COL,0.05
2024,Golf,CZE,3.02
2024,Golf,DEN,3.35
2024,Golf,ESP,2.14
2024,Golf,FIN,16.4
2024,Golf,FRA,7.24
2024,Golf,GBR,8.96
2024,Golf,GER,20.78
2024,Golf,HKG,0.0
2024,Golf,IND,0.0
2024,Golf,IRL,1.12
2024,Golf,ISR,0.0
2024,Golf,ITA,0.08
2024,Golf,JPN,5.76
2024,Golf,KOR,0.21
2024,Golf,MAR,0.03
2024,Golf,MAS,0.03
2024,Golf,MEX,0.0
2024,Golf,NED,0.18
2024,Golf,NOR,0.12
2024,Golf,NZL,2.78
2024,Golf,PAR,3.39
2024,Golf,PHI,1.83
2024,Golf,POR,0.78
2024,Golf,RSA,0.38
2024,Golf,RUS,0.31
2024,Golf,SUI,2.13
2024,Golf,SWE,2.13
2024,Golf,THA,8.44
2024,Golf,TPE,2.93
2024,Golf,USA,1.32
2024,Golf,VEN,1.36
2024,Gymnastics,ALG,0.46
2024,Gymnastics,ARG,1.26
2024,Gymnastics,ARM,3.72
2024,Gymnastics,AUS,3.27
2024,Gymnastics,AUT,9.58
2024,Gymnastics,AZE,0.05
2024,Gymnastics,BEL,0.08
2024,Gymnastics,BLR,0.03
2024,Gymnastics,BRA,0.0
2024,Gymnastics,CAN,0.8
2024,Gymnastics,CHI,0.05
2024,Gymnastics,CHN,0.05
2024,Gymnastics,COL,0.13
2024,Gymnastics,CRO,0.04
2024,Gymnastics,CUB,0.06
2024,Gymnastics,CYP,1.44
2024,Gymnastics,CZE,2.07
2024,Gymnastics,EGY,0.97
2024,Gymnastics,ESP,1.76
2024,Gymnastics,FIN,3.04
2024,Gymnastics,FRA,7.83
2024,Gymnastics,GBR,18.38
2024,Gymnastics,GER,35.55
2024,Gymnastics,GRE,0.99
2024,Gymnastics,GUA,10.32
2024,Gymnastics,HUN,0.0
2024,Gymnastics,IND,0.0
2024,Gymnastics,IRL,1.12
2024,Gymnastics,ISL,0.1
2024,Gymnastics,ISR,0.0
2024,Gymnastics,ITA,0.08
2024,Gymnastics,JAM,0.0
2024,Gymnastics,JPN,2.33
2024,Gymnastics,KOR,0.07
2024,Gymnastics,LTU,0.39
2024,Gymnastics,MEX,0.0
2024,Gymnastics,MON,0.91
2024,Gymnastics,NED,0.05
2024,Gymnastics,NOR,0.03
2024,Gymnastics,NZL,3.83
2024,Gymnastics,PAN,0.86
2024,Gymnastics,PER,4.82
2024,Gymnastics,POL,1.12
2024,Gymnastics,POR,0.72
2024,Gymnastics,PRK,0.72
2024,Gymnastics,ROU,0.38
2024,Gymnastics,RSA,0.23
2024,Gymnastics,RUS,0.14
2024,Gymnastics,SLO,0.26
2024,Gymnastics,SUI,0.18
2024,Gymnastics,SVK,0.25
2024,Gymnastics,SWE,0.32
2024,Gymnastics,TPE,0.98
2024,Gymnastics,TTO,0.43
2024,Gymnastics,TUR,0.22
2024,Gymnastics,UKR,0.06
2024,Gymnastics,USA,0.06
2024,Gymnastics,UZB,0.15
2024,Gymnastics,VEN,0.05
2024,Gymnastics,VIE,0.13
2024,Handball,ANG,0.73
2024,Handball,ARG,1.15
2024,Handball,BRA,0.0
2024,Handball,CRO,1.14
2024,Handball,DEN,1.12
2024,Handball,EGY,0.41
2024,Handball,ESP,0.43
2024,Handball,FRA,0.64
2024,Handball,GER,5.62
2024,Handball,KOR,0.0
2024,Handball,MNE,2.5
2024,Handball,NED,0.42
2024,Handball,NOR,0.41
2024,Handball,POL,0.46
2024,Handball,QAT,0.58
2024,Handball,ROU,0.1
2024,Handball,RUS,0.0
2024,Handball,SLO,0.31
2024,Handball,SWE,0.45
2024,Handball,TUN,0.11
2024,Hockey,ARG,0.24
2024,Hockey,AUS,1.89
2024,Hockey,BEL,0.0
2024,Hockey,BRA,0.15
2024,Hockey,CAN,2.35
2024,Hockey,CHN,0.7
2024,Hockey,ESP,0.62
2024,Hockey,GBR,15.67
2024,Hockey,GER,8.47
2024,Hockey,IND,0.0
2024,Hockey,IRL,0.97
2024,Hockey,JPN,0.21
2024,Hockey,KOR,0.0
2024,Hockey,NED,0.28
2024,Hockey,NZL,5.94
2024,Hockey,USA,0.07
2024,Judo,AFG,0.18
2024,Judo,ALG,0.09
2024,Judo,AND,0.09
2024,Judo,ANG,0.12
2024,Judo,ARG,0.18
2024,Judo,ARM,0.6
2024,Judo,ARU,0.74
2024,Judo,ASA,0.74
2024,Judo,AUS,0.95
2024,Judo,AUT,1.54
2024,Judo,AZE,0.01
2024,Judo,BDI,0.0
2024,Judo,BEL,0.0
2024,Judo,BEN,0.0
2024,Judo,BIH,0.0
2024,Judo,BIZ,0.0
2024,Judo,BLR,0.0
2024,Judo,BOL,0.2
2024,Judo,BOT,0.0
2024,Judo,BRA,0.0
2024,Judo,BUL,0.0
2024,Judo,BUR,0.04
2024,Judo,CAN,0.85
2024,Judo,CGO,1.47
2024,Judo,CHI,0.33
2024,Judo,CHN,0.33
2024,Judo,CIV,9.73
2024,Judo,CMR,1.21
2024,Judo,COD,1.71
2024,Judo,COL,0.29
2024,Judo,CRC,0.12
2024,Judo,CRO,0.12
2024,Judo,CUB,0.23
2024,Judo,CZE,0.55
2024,Judo,DJI,2.1
2024,Judo,DOM,1.38
2024,Judo,ECU,0.42
2024,Judo,EGY,0.23
2024,Judo,ESA,0.16
2024,Judo,ESP,0.39
2024,Judo,EST,0.74
2024,Judo,FIJ,8.32
2024,Judo,FIN,15.99
2024,Judo,FRA,2.32
2024,Judo,GAB,22.2
2024,Judo,GAM,29.54
2024,Judo,GBR,23.69
2024,Judo,GBS,21.68
2024,Judo,GEO,1.38
2024,Judo,GER,1.45
2024,Judo,GHA,1.12
2024,Judo,GRE,0.3
2024,Judo,GUA,9.22
2024,Judo,GUI,1.72
2024,Judo,HAI,0.01
2024,Judo,HON,0.01
2024,Judo,HUN,0.01
2024,Judo,IND,0.01
2024,Judo,IRI,3.75
2024,Judo,IRQ,0.22
2024,Judo,ISL,0.1
2024,Judo,ISR,0.01
2024,Judo,ITA,0.32
2024,Judo,JOR,0.0
2024,Judo,JPN,21.44
2024,Judo,KAZ,14.34
2024,Judo,KEN,5.91
2024,Judo,KGZ,1.5
2024,Judo,KOR,0.59
2024,Judo,KOS,0.25
2024,Judo,KSA,0.26
2024,Judo,LAO,0.26
2024,Judo,LAT,1.62
2024,Judo,LBA,1.62
2024,Judo,LIB,1.01
2024,Judo,LTU,0.19
2024,Judo,MAD,0.05
2024,Judo,MAR,0.05
2024,Judo,MDA,0.02
2024,Judo,MEX,0.02
2024,Judo,MGL,0.04
2024,Judo,MKD,0.05
2024,Judo,MLI,0.05
2024,Judo,MNE,1.96
2024,Judo,MON,0.95
2024,Judo,MOZ,0.32
2024,Judo,MRI,0.07
2024,Judo,MYA,0.03
2024,Judo,NED,0.03
2024,Judo,NEP,0.03
2024,Judo,NIG,0.02
2024,Judo,NRU,0.87
2024,Judo,NZL,1.92
2024,Judo,PAK,4.89
2024,Judo,PER,0.67
2024,Judo,PHI,0.47
2024,Judo,PLE,0.46
2024,Judo,PNG,2.93
2024,Judo,POL,0.97
2024,Judo,POR,0.97
2024,Judo,PRK,1.13
2024,Judo,PUR,1.94
2024,Judo,QAT,3.82
2024,Judo,ROT,6.04
2024,Judo,ROU,0.06
2024,Judo,RSA,0.09
2024,Judo,RUS,0.06
2024,Judo,SAM,0.18
2024,Judo,SEN,2.07
2024,Judo,SEY,0.21
2024,Judo,SLO,0.12
2024,Judo,SRB,0.0
2024,Judo,SRI,0.0
2024,Judo,SUD,0.02
2024,Judo,SUI,0.1
2024,Judo,SUR,0.13
2024,Judo,SWE,0.13
2024,Judo,SYR,0.79
2024,Judo,TAN,1.33
2024,Judo,THA,0.66
2024,Judo,TJK,0.58
2024,Judo,TKM,0.37
2024,Judo,TPE,0.2
2024,Judo,TTO,0.15
2024,Judo,TUN,0.07
2024,Judo,TUR,0.13
2024,Judo,UAE,0.04
2024,Judo,UKR,0.13
2024,Judo,URU,2.16
2024,Judo,USA,0.25
2024,Judo,UZB,0.31
2024,Judo,VAN,0.29
2024,Judo,VEN,0.73
2024,Judo,VIE,1.88
2024,Judo,YEM,30.0
2024,Judo,ZAM,6.39
2024,Modern Pentathlon,ARG,0.18
2024,Modern Pentathlon,AUS,1.49
2024,Modern Pentathlon,BLR,0.0
2024,Modern Pentathlon,BRA,0.01
2024,Modern Pentathlon,BUL,0.02
2024,Modern Pentathlon,CAN,1.16
2024,Modern Pentathlon,CHN,0.64
2024,Modern Pentathlon,CUB,0.18
2024,Modern Pentathlon,CZE,0.55
2024,Modern Pentathlon,EGY,0.23
2024,Modern Pentathlon,FRA,2.84
2024,Modern Pentathlon,GBR,4.21
2024,Modern Pentathlon,GER,1.62
2024,Modern Pentathlon,GUA,5.28
2024,Modern Pentathlon,HUN,0.0
2024,Modern Pentathlon,IRL,0.9
2024,Modern Pentathlon,ITA,0.32
2024,Modern Pentathlon,JPN,1.52
2024,Modern Pentathlon,KAZ,1.35
2024,Modern Pentathlon,KOR,0.7
2024,Modern Pentathlon,LAT,1.22
2024,Modern Pentathlon,LTU,0.19
2024,Modern Pentathlon,MEX,0.02
2024,Modern Pentathlon,POL,0.84
2024,Modern Pentathlon,RUS,0.06
2024,Modern Pentathlon,TUR,0.2
2024,Modern Pentathlon,UKR,0.17
2024,Modern Pentathlon,USA,0.28
2024,Rhythmic Gymnastics,AUS,25.97
2024,Rhythmic Gymnastics,AUT,4.41
2024,Rhythmic Gymnastics,AZE,4.28
2024,Rhythmic Gymnastics,BLR,18.14
2024,Rhythmic Gymnastics,BRA,20.94
2024,Rhythmic Gymnastics,BUL,36.79
2024,Rhythmic Gymnastics,CHN,8.69
2024,Rhythmic Gymnastics,CPV,1.68
2024,Rhythmic Gymnastics,ESP,15.55
2024,Rhythmic Gymnastics,FIN,17.42
2024,Rhythmic Gymnastics,FRA,7.19
2024,Rhythmic Gymnastics,GEO,5.43
2024,Rhythmic Gymnastics,GER,5.49
2024,Rhythmic Gymnastics,GRE,1.09
2024,Rhythmic Gymnastics,ISR,0.28
2024,Rhythmic Gymnastics,ITA,0.6
2024,Rhythmic Gymnastics,JPN,2.58
2024,Rhythmic Gymnastics,KAZ,1.62
2024,Rhythmic Gymnastics,KOR,0.34
2024,Rhythmic Gymnastics,ROU,0.27
2024,Rhythmic Gymnastics,RUS,0.15
2024,Rhythmic Gymnastics,UKR,0.03
2024,Rhythmic Gymnastics,USA,0.02
2024,Rhythmic Gymnastics,UZB,0.05
2024,Rowing,ALG,4.94
2024,Rowing,ANG,4.91
2024,Rowing,ARG,4.91
2024,Rowing,AUS,9.82
2024,Rowing,AUT,2.86
2024,Rowing,AZE,0.85
2024,Rowing,BAH,0.52
2024,Rowing,BEL,0.28
2024,Rowing,BER,0.48
2024,Rowing,BLR,2.16
2024,Rowing,BRA,4.08
2024,Rowing,BUL,8.69
2024,Rowing,CAN,6.77
2024,Rowing,CHI,15.36
2024,Rowing,CHN,18.07
2024,Rowing,CRO,2.35
2024,Rowing,CUB,2.61
2024,Rowing,CZE,1.12
2024,Rowing,DEN,1.13
2024,Rowing,ECU,0.34
2024,Rowing,EGY,0.35
2024,Rowing,ESP,1.45
2024,Rowing,EST,2.4
2024,Rowing,FRA,3.31
2024,Rowing,GBR,3.84
2024,Rowing,GER,1.18
2024,Rowing,GRE,0.44
2024,Rowing,HKG,0.0
2024,Rowing,HUN,0.0
2024,Rowing,INA,0.0
2024,Rowing,IND,0.0
2024,Rowing,IRI,0.05
2024,Rowing,IRL,0.82
2024,Rowing,IRQ,0.06
2024,Rowing,ITA,0.88
2024,Rowing,JPN,1.26
2024,Rowing,KAZ,0.88
2024,Rowing,KOR,0.55
2024,Rowing,LBA,0.41
2024,Rowing,LTU,0.3
2024,Rowing,MEX,0.05
2024,Rowing,NED,0.53
2024,Rowing,NGR,0.53
2024,Rowing,NOR,0.53
2024,Rowing,NZL,5.48
2024,Rowing,PAR,3.69
2024,Rowing,PER,1.97
2024,Rowing,POL,5.62
2024,Rowing,ROU,0.95
2024,Rowing,RSA,1.11
2024,Rowing,RUS,0.5
2024,Rowing,SGP,2.36
2024,Rowing,SRB,0.06
2024,Rowing,SUI,0.06
2024,Rowing,SWE,0.28
2024,Rowing,THA,0.11
2024,Rowing,TOG,0.16
2024,Rowing,TPE,1.61
2024,Rowing,TTO,0.62
2024,Rowing,TUN,0.13
2024,Rowing,TUR,0.21
2024,Rowing,UKR,0.09
2024,Rowing,URU,1.07
2024,Rowing,USA,0.05
2024,Rowing,UZB,0.08
2024,Rowing,VAN,0.06
2024,Rowing,VEN,0.64
2024,Rowing,VIE,1.53
2024,Rowing,ZIM,27.01
2024,Rugby Sevens,ARG,3.45
2024,Rugby Sevens,AUS,8.05
2024,Rugby Sevens,BRA,1.43
2024,Rugby Sevens,CAN,1.7
2024,Rugby Sevens,COL,5.37
2024,Rugby Sevens,ESP,1.47
2024,Rugby Sevens,FIJ,10.79
2024,Rugby Sevens,FRA,3.76
2024,Rugby Sevens,GBR,2.86
2024,Rugby Sevens,JPN,0.66
2024,Rugby Sevens,KEN,0.69
2024,Rugby Sevens,NZL,5.48
2024,Rugby Sevens,RSA,1.93
2024,Rugby Sevens,USA,0.05
2024,Sailing,ALG,2.28
2024,Sailing,ANG,2.22
2024,Sailing,ARG,2.22
2024,Sailing,ARU,4.29
2024,Sailing,AUS,3.6
2024,Sailing,AUT,1.2
2024,Sailing,BEL,0.02
2024,Sailing,BER,0.02
2024,Sailing,BLR,0.57
2024,Sailing,BRA,0.55
2024,Sailing,CAN,0.93
2024,Sailing,CAY,2.65
2024,Sailing,CHI,25.41
2024,Sailing,CHN,31.31
2024,Sailing,COK,8.81
2024,Sailing,COL,5.95
2024,Sailing,CRO,4.1
2024,Sailing,CYP,1.91
2024,Sailing,CZE,0.91
2024,Sailing,DEN,0.89
2024,Sailing,EGY,0.38
2024,Sailing,ESA,0.5
2024,Sailing,ESP,2.05
2024,Sailing,EST,2.83
2024,Sailing,FIN,49.39
2024,Sailing,FRA,7.46
2024,Sailing,GBR,3.17
2024,Sailing,GER,1.65
2024,Sailing,GRE,0.42
2024,Sailing,GUA,4.94
2024,Sailing,HKG,0.06
2024,Sailing,HUN,0.0
2024,Sailing,IRL,1.32
2024,Sailing,ISR,2.52
2024,Sailing,ISV,3.08
2024,Sailing,ITA,3.08
2024,Sailing,JPN,1.01
2024,Sailing,KOR,2.48
2024,Sailing,LAT,3.06
2024,Sailing,LCA,1.69
2024,Sailing,LTU,1.27
2024,Sailing,MAS,0.13
2024,Sailing,MEX,0.0
2024,Sailing,MNE,1.53
2024,Sailing,NED,0.48
2024,Sailing,NOR,0.51
2024,Sailing,NZL,5.85
2024,Sailing,PER,1.56
2024,Sailing,POL,2.7
2024,Sailing,POR,2.84
2024,Sailing,RSA,2.34
2024,Sailing,RUS,0.78
2024,Sailing,SEY,5.5
2024,Sailing,SGP,8.55
2024,Sailing,SLO,1.18
2024,Sailing,SUI,0.0
2024,Sailing,SWE,0.0
2024,Sailing,THA,0.01
2024,Sailing,TPE,0.5
2024,Sailing,TTO,0.04
2024,Sailing,TUN,0.04
2024,Sailing,TUR,0.14
2024,Sailing,UKR,0.02
2024,Sailing,URU,0.87
2024,Sailing,USA,0.02
2024,Sailing,VEN,1.54
2024,Shooting,ALG,1.9
2024,Shooting,AND,2.32
2024,Shooting,ANG,1.84
2024,Shooting,ARG,1.84
2024,Shooting,ARM,4.94
2024,Shooting,AUS,4.52
2024,Shooting,AUT,2.34
2024,Shooting,AZE,0.8
2024,Shooting,BAN,1.29
2024,Shooting,BAR,0.08
2024,Shooting,BEL,0.02
2024,Shooting,BHU,0.02
2024,Shooting,BIH,0.02
2024,Shooting,BLR,0.04
2024,Shooting,BOL,0.1
2024,Shooting,BRA,0.02
2024,Shooting,BRN,0.06
2024,Shooting,BUL,0.46
2024,Shooting,CAN,0.84
2024,Shooting,CHI,5.96
2024,Shooting,CHN,7.25
2024,Shooting,COL,5.51
2024,Shooting,CRO,11.17
2024,Shooting,CUB,13.06
2024,Shooting,CYP,5.71
2024,Shooting,CZE,7.01
2024,Shooting,DEN,10.01
2024,Shooting,DOM,8.97
2024,Shooting,ECU,2.86
2024,Shooting,EGY,2.86
2024,Shooting,ESA,2.84
2024,Shooting,ESP,11.48
2024,Shooting,EST,13.16
2024,Shooting,FIJ,29.99
2024,Shooting,FIN,45.46
2024,Shooting,FRA,22.48
2024,Shooting,GBR,21.86
2024,Shooting,GEO,11.69
2024,Shooting,GER,11.71
2024,Shooting,GRE,1.05
2024,Shooting,GUA,6.96
2024,Shooting,HUN,4.8
2024,Shooting,IND,4.8
2024,Shooting,IOA,4.8
2024,Shooting,IRI,6.6
2024,Shooting,ISR,15.98
2024,Shooting,ITA,16.52
2024,Shooting,JPN,6.45
2024,Shooting,KAZ,5.8
2024,Shooting,KOR,2.54
2024,Shooting,KOS,2.52
2024,Shooting,KSA,2.6
2024,Shooting,LAT,15.89
2024,Shooting,LIB,4.27
2024,Shooting,LTU,3.81
2024,Shooting,MAR,3.59
2024,Shooting,MAS,3.59
2024,Shooting,MEX,3.46
2024,Shooting,MGL,3.46
2024,Shooting,MKD,4.0
2024,Shooting,MLT,4.43
2024,Shooting,MYA,14.24
2024,Shooting,NAM,14.24
2024,Shooting,NCA,14.72
2024,Shooting,NOR,14.58
2024,Shooting,NZL,27.36
2024,Shooting,OMA,25.14
2024,Shooting,PAK,23.88
2024,Shooting,PAN,29.2
2024,Shooting,PAR,18.58
2024,Shooting,PER,7.83
2024,Shooting,POL,4.38
2024,Shooting,POR,4.44
2024,Shooting,PRK,3.15
2024,Shooting,PUR,1.56
2024,Shooting,QAT,1.6
2024,Shooting,ROU,1.13
2024,Shooting,RUS,1.1
2024,Shooting,SGP,21.42
2024,Shooting,SLO,4.93
2024,Shooting,SMR,4.93
2024,Shooting,SRB,2.52
2024,Shooting,SRI,2.53
2024,Shooting,SUI,2.24
2024,Shooting,SVK,2.24
2024,Shooting,SWE,2.24
2024,Shooting,THA,6.89
2024,Shooting,TPE,21.46
2024,Shooting,TUN,19.73
2024,Shooting,TUR,19.67
2024,Shooting,UAE,19.72
2024,Shooting,UKR,19.65
2024,Shooting,USA,19.8
2024,Shooting,UZB,19.82
2024,Shooting,VEN,20.66
2024,Shooting,VIE,20.66
2024,Shooting,ZIM,23.18
2024,Swimming,ALB,9.83
2024,Swimming,ALG,9.83
2024,Swimming,AND,10.25
2024,Swimming,ANG,9.77
2024,Swimming,ANT,9.77
2024,Swimming,ARG,9.77
2024,Swimming,ARM,16.02
2024,Swimming,ARU,15.21
2024,Swimming,AUS,19.11
2024,Swimming,AUT,25.8
2024,Swimming,AZE,4.13
2024,Swimming,BAH,4.05
2024,Swimming,BAN,4.44
2024,Swimming,BAR,1.57
2024,Swimming,BDI,1.45
2024,Swimming,BEL,1.45
2024,Swimming,BEN,1.45
2024,Swimming,BER,1.45
2024,Swimming,BIH,1.45
2024,Swimming,BLR,0.77
2024,Swimming,BOL,0.85
2024,Swimming,BOT,0.77
2024,Swimming,BRA,0.77
2024,Swimming,BRN,1.75
2024,Swimming,BUL,4.52
2024,Swimming,BUR,5.65
2024,Swimming,CAF,6.14
2024,Swimming,CAM,6.14
2024,Swimming,CAN,6.02
2024,Swimming,CAY,8.66
2024,Swimming,CGO,8.22
2024,Swimming,CHI,14.93
2024,Swimming,CHN,15.91
2024,Swimming,CIV,22.73
2024,Swimming,COK,17.55
2024,Swimming,COL,17.01
2024,Swimming,COM,17.13
2024,Swimming,CRC,16.77
2024,Swimming,CRO,17.35
2024,Swimming,CUB,19.56
2024,Swimming,CYP,13.22
2024,Swimming,CZE,15.69
2024,Swimming,DEN,17.08
2024,Swimming,DJI,17.92
2024,Swimming,DOM,16.19
2024,Swimming,ECU,13.77
2024,Swimming,EGY,13.93
2024,Swimming,ESA,14.41
2024,Swimming,ESP,20.07
2024,Swimming,EST,23.74
2024,Swimming,ETH,21.53
2024,Swimming,FIJ,16.95
2024,Swimming,FIN,20.62
2024,Swimming,FRA,23.58
2024,Swimming,FSM,25.23
2024,Swimming,GAB,26.32
2024,Swimming,GAM,25.58
2024,Swimming,GBR,19.84
2024,Swimming,GEO,8.62
2024,Swimming,GER,8.62
2024,Swimming,GHA,7.81
2024,Swimming,GRE,3.43
2024,Swimming,GRN,3.25
2024,Swimming,GUA,42.72
2024,Swimming,GUI,8.79
2024,Swimming,GUM,3.24
2024,Swimming,GUY,3.06
2024,Swimming,HAI,3.03
2024,Swimming,HKG,3.03
2024,Swimming,HON,2.52
2024,Swimming,HUN,2.52
2024,Swimming,INA,2.52
2024,Swimming,IND,2.52
2024,Swimming,IOA,2.52
2024,Swimming,IRI,4.02
2024,Swimming,IRL,5.06
2024,Swimming,ISL,8.68
2024,Swimming,ISR,10.92
2024,Swimming,ISV,11.76
2024,Swimming,ITA,11.76
2024,Swimming,IVB,14.56
2024,Swimming,JAM,11.77
2024,Swimming,JOR,9.8
2024,Swimming,JPN,3.29
2024,Swimming,KAZ,2.36
2024,Swimming,KEN,1.63
2024,Swimming,KGZ,1.98
2024,Swimming,KOR,1.06
2024,Swimming,KOS,1.04
2024,Swimming,LAO,3.06
2024,Swimming,LAT,4.84
2024,Swimming,LBA,4.84
2024,Swimming,LCA,2.14
2024,Swimming,LIB,2.25
2024,Swimming,LIE,2.07
2024,Swimming,LTU,2.07
2024,Swimming,LUX,2.07
2024,Swimming,MAD,2.05
2024,Swimming,MAR,2.05
2024,Swimming,MAS,2.05
2024,Swimming,MAW,2.09
2024,Swimming,MDA,2.04
2024,Swimming,MDV,2.04
2024,Swimming,MEX,2.04
2024,Swimming,MGL,2.04
2024,Swimming,MHL,2.04
2024,Swimming,MKD,3.16
2024,Swimming,MLI,3.16
2024,Swimming,MLT,3.99
2024,Swimming,MNE,5.46
2024,Swimming,MOZ,4.16
2024,Swimming,MRI,3.98
2024,Swimming,MYA,15.82
2024,Swimming,NCA,16.3
2024,Swimming,NED,16.3
2024,Swimming,NEP,16.3
2024,Swimming,NGR,16.3
2024,Swimming,NIG,16.3
2024,Swimming,NOR,16.3
2024,Swimming,NZL,33.86
2024,Swimming,PAK,25.51
2024,Swimming,PAN,27.64
2024,Swimming,PAR,14.54
2024,Swimming,PER,2.91
2024,Swimming,PHI,1.5
2024,Swimming,PLE,1.24
2024,Swimming,PLW,1.15
2024,Swimming,PNG,3.78
2024,Swimming,POL,1.01
2024,Swimming,POR,1.04
2024,Swimming,PUR,0.49
2024,Swimming,QAT,0.53
2024,Swimming,ROT,0.43
2024,Swimming,ROU,0.12
2024,Swimming,RSA,1.16
2024,Swimming,RUS,0.09
2024,Swimming,RWA,0.09
2024,Swimming,SAM,0.12
2024,Swimming,SEN,0.84
2024,Swimming,SEY,0.03
2024,Swimming,SGP,17.9
2024,Swimming,SLE,3.71
2024,Swimming,SLO,3.71
2024,Swimming,SRB,1.44
2024,Swimming,SRI,1.45
2024,Swimming,SUD,1.16
2024,Swimming,SUI,1.16
2024,Swimming,SUR,1.16
2024,Swimming,SVK,1.16
2024,Swimming,SWE,1.16
2024,Swimming,SYR,1.42
2024,Swimming,TAN,1.49
2024,Swimming,TGA,1.47
2024,Swimming,THA,4.3
2024,Swimming,TJK,41.81
2024,Swimming,TKM,37.55
2024,Swimming,TOG,36.97
2024,Swimming,TPE,37.93
2024,Swimming,TTO,33.42
2024,Swimming,TUN,33.42
2024,Swimming,TUR,33.35
2024,Swimming,UAE,33.4
2024,Swimming,UGA,32.81
2024,Swimming,UKR,32.79
2024,Swimming,URU,32.44
2024,Swimming,USA,32.44
2024,Swimming,UZB,32.46
2024,Swimming,VEN,32.94
2024,Swimming,VIE,32.94
2024,Swimming,VIN,34.32
2024,Swimming,YEM,18.17
2024,Swimming,ZAM,5.31
2024,Swimming,ZIM,12.29
2024,Synchronized Swimming,ARG,12.06
2024,Synchronized Swimming,AUS,20.59
2024,Synchronized Swimming,AUT,27.12
2024,Synchronized Swimming,BLR,4.86
2024,Synchronized Swimming,BRA,5.13
2024,Synchronized Swimming,CAN,41.46
2024,Synchronized Swimming,CHN,25.96
2024,Synchronized Swimming,COL,16.23
2024,Synchronized Swimming,CZE,22.34
2024,Synchronized Swimming,EGY,20.44
2024,Synchronized Swimming,ESP,22.33
2024,Synchronized Swimming,FRA,26.45
2024,Synchronized Swimming,GBR,15.42
2024,Synchronized Swimming,GRE,3.34
2024,Synchronized Swimming,ISR,4.48
2024,Synchronized Swimming,ITA,4.76
2024,Synchronized Swimming,JPN,2.69
2024,Synchronized Swimming,KAZ,1.95
2024,Synchronized Swimming,MEX,0.62
2024,Synchronized Swimming,RUS,1.32
2024,Synchronized Swimming,SUI,2.87
2024,Synchronized Swimming,SVK,2.84
2024,Synchronized Swimming,UKR,55.19
2024,Synchronized Swimming,USA,54.57
2024,Table Tennis,AUS,0.05
2024,Table Tennis,AUT,0.21
2024,Table Tennis,BLR,0.24
2024,Table Tennis,BRA,0.46
2024,Table Tennis,CAN,0.14
2024,Table Tennis,CGO,0.04
2024,Table Tennis,CHN,0.1
2024,Table Tennis,COL,0.0
2024,Table Tennis,CRO,0.27
2024,Table Tennis,CUB,3.39
2024,Table Tennis,CZE,1.04
2024,Table Tennis,DEN,0.65
2024,Table Tennis,EGY,0.07
2024,Table Tennis,ESP,0.16
2024,Table Tennis,FIJ,9.04
2024,Table Tennis,FIN,15.0
2024,Table Tennis,FRA,0.18
2024,Table Tennis,GBR,2.36
2024,Table Tennis,GER,1.15
2024,Table Tennis,GRE,2.94
2024,Table Tennis,HKG,0.0
2024,Table Tennis,HUN,0.0
2024,Table Tennis,IND,0.0
2024,Table Tennis,IRI,0.0
2024,Table Tennis,JPN,2.91
2024,Table Tennis,KAZ,7.89
2024,Table Tennis,KOR,1.27
2024,Table Tennis,LIB,0.1
2024,Table Tennis,LUX,0.01
2024,Table Tennis,MEX,0.0
2024,Table Tennis,NED,0.0
2024,Table Tennis,NGR,0.36
2024,Table Tennis,PAR,0.98
2024,Table Tennis,PHI,0.36
2024,Table Tennis,POL,0.09
2024,Table Tennis,POR,0.09
2024,Table Tennis,PRK,0.09
2024,Table Tennis,PUR,0.13
2024,Table Tennis,QAT,0.17
2024,Table Tennis,ROU,0.27
2024,Table Tennis,RUS,0.49
2024,Table Tennis,SGP,2.64
2024,Table Tennis,SLO,0.25
2024,Table Tennis,SRB,0.26
2024,Table Tennis,SVK,0.51
2024,Table Tennis,SWE,0.48
2024,Table Tennis,SYR,0.66
2024,Table Tennis,THA,0.4
2024,Table Tennis,TPE,0.58
2024,Table Tennis,TUN,0.47
2024,Table Tennis,TUR,0.57
2024,Table Tennis,UKR,0.01
2024,Table Tennis,USA,0.04
2024,Table Tennis,UZB,0.14
2024,Table Tennis,VAN,0.14
2024,Table Tennis,VEN,0.14
2024,Taekwondo,ARU,0.21
2024,Taekwondo,AUS,0.05
2024,Taekwondo,AZE,4.02
2024,Taekwondo,BEL,0.76
2024,Taekwondo,BRA,0.6
2024,Taekwondo,CAF,0.03
2024,Taekwondo,CAM,0.03
2024,Taekwondo,CAN,0.03
2024,Taekwondo,CHI,0.1
2024,Taekwondo,CHN,0.1
2024,Taekwondo,CIV,8.43
2024,Taekwondo,COD,0.0
2024,Taekwondo,COL,0.0
2024,Taekwondo,CPV,0.0
2024,Taekwondo,CRO,0.27
2024,Taekwondo,CUB,3.19
2024,Taekwondo,DOM,0.02
2024,Taekwondo,EGY,0.05
2024,Taekwondo,ESP,0.15
2024,Taekwondo,FIN,2.36
2024,Taekwondo,FRA,0.94
2024,Taekwondo,GAB,1.8
2024,Taekwondo,GBR,2.03
2024,Taekwondo,GER,1.38
2024,Taekwondo,HAI,0.0
2024,Taekwondo,HON,0.0
2024,Taekwondo,IRI,0.0
2024,Taekwondo,ISR,0.0
2024,Taekwondo,JOR,0.33
2024,Taekwondo,JPN,3.43
2024,Taekwondo,KAZ,1.48
2024,Taekwondo,KOR,0.37
2024,Taekwondo,LBA,0.62
2024,Taekwondo,MAR,0.33
2024,Taekwondo,MDA,0.18
2024,Taekwondo,MEX,0.18
2024,Taekwondo,MGL,0.12
2024,Taekwondo,MLI,0.09
2024,Taekwondo,NED,0.01
2024,Taekwondo,NEP,0.13
2024,Taekwondo,NIG,0.65
2024,Taekwondo,NOR,0.65
2024,Taekwondo,NZL,1.09
2024,Taekwondo,PAN,2.39
2024,Taekwondo,PER,0.63
2024,Taekwondo,PHI,0.36
2024,Taekwondo,PNG,1.2
2024,Taekwondo,POL,0.09
2024,Taekwondo,POR,0.09
2024,Taekwondo,PUR,0.09
2024,Taekwondo,RUS,0.49
2024,Taekwondo,SEN,1.61
2024,Taekwondo,SRB,0.28
2024,Taekwondo,SWE,0.27
2024,Taekwondo,TGA,0.28
2024,Taekwondo,THA,0.19
2024,Taekwondo,TPE,0.21
2024,Taekwondo,TUN,0.27
2024,Taekwondo,TUR,0.34
2024,Taekwondo,USA,0.08
2024,Taekwondo,UZB,0.09
2024,Taekwondo,VEN,0.11
2024,Tennis,ARG,0.66
2024,Tennis,AUS,0.05
2024,Tennis,AUT,0.16
2024,Tennis,BAR,0.96
2024,Tennis,BEL,0.78
2024,Tennis,BIH,0.44
2024,Tennis,BLR,0.44
2024,Tennis,BRA,0.46
2024,Tennis,BUL,0.15
2024,Tennis,CAN,0.0
2024,Tennis,CHI,0.0
2024,Tennis,CHN,0.0
2024,Tennis,COL,0.0
2024,Tennis,CRO,0.0
2024,Tennis,CZE,0.44
2024,Tennis,DEN,0.3
2024,Tennis,DOM,0.03
2024,Tennis,ESP,0.07
2024,Tennis,FRA,1.41
2024,Tennis,GBR,1.49
2024,Tennis,GEO,1.72
2024,Tennis,GER,2.48
2024,Tennis,HUN,0.07
2024,Tennis,IND,0.21
2024,Tennis,ISR,0.21
2024,Tennis,ITA,0.22
2024,Tennis,JPN,0.51
2024,Tennis,KAZ,0.13
2024,Tennis,LAT,0.16
2024,Tennis,LIE,0.85
2024,Tennis,LTU,0.83
2024,Tennis,LUX,0.83
2024,Tennis,MDA,1.33
2024,Tennis,MEX,1.27
2024,Tennis,MNE,1.77
2024,Tennis,NED,0.11
2024,Tennis,NZL,1.62
2024,Tennis,PAR,1.78
2024,Tennis,POL,0.18
2024,Tennis,POR,0.18
2024,Tennis,PUR,0.18
2024,Tennis,ROU,0.24
2024,Tennis,RUS,0.5
2024,Tennis,SLO,0.73
2024,Tennis,SRB,0.37
2024,Tennis,SUI,0.27
2024,Tennis,SVK,0.24
2024,Tennis,SWE,0.23
2024,Tennis,THA,0.19
2024,Tennis,TPE,0.14
2024,Tennis,TUN,0.2
2024,Tennis,TUR,0.27
2024,Tennis,UKR,0.1
2024,Tennis,URU,0.1
2024,Tennis,USA,0.16
2024,Tennis,UZB,0.18
2024,Trampolining,AUS,0.02
2024,Trampolining,BLR,1.32
2024,Trampolining,BRA,1.4
2024,Trampolining,CAN,0.54
2024,Trampolining,CHN,0.12
2024,Trampolining,FRA,3.46
2024,Trampolining,GBR,3.44
2024,Trampolining,GEO,3.19
2024,Trampolining,GER,3.64
2024,Trampolining,JPN,0.2
2024,Trampolining,KAZ,0.31
2024,Trampolining,NZL,3.66
2024,Trampolining,POR,0.51
2024,Trampolining,RUS,0.56
2024,Trampolining,UKR,0.11
2024,Trampolining,USA,0.29
2024,Trampolining,UZB,0.13
2024,Triathlon,ARG,0.18
2024,Triathlon,AUS,0.07
2024,Triathlon,AUT,1.48
2024,Triathlon,AZE,1.51
2024,Triathlon,BAR,0.8
2024,Triathlon,BEL,0.81
2024,Triathlon,BER,1.36
2024,Triathlon,BRA,3.27
2024,Triathlon,CAN,1.45
2024,Triathlon,CHI,0.66
2024,Triathlon,CHN,0.66
2024,Triathlon,CRC,0.24
2024,Triathlon,CZE,0.47
2024,Triathlon,DEN,0.5
2024,Triathlon,ECU,0.19
2024,Triathlon,ESP,0.18
2024,Triathlon,EST,0.48
2024,Triathlon,FRA,2.75
2024,Triathlon,GBR,2.52
2024,Triathlon,GER,6.22
2024,Triathlon,HUN,0.0
2024,Triathlon,IRL,0.0
2024,Triathlon,ISR,0.0
2024,Triathlon,ITA,0.01
2024,Triathlon,JOR,0.06
2024,Triathlon,JPN,2.36
2024,Triathlon,MEX,0.31
2024,Triathlon,MRI,0.06
2024,Triathlon,NED,0.06
2024,Triathlon,NOR,1.04
2024,Triathlon,NZL,3.7
2024,Triathlon,POL,0.81
2024,Triathlon,POR,0.94
2024,Triathlon,PUR,1.54
2024,Triathlon,RSA,1.68
2024,Triathlon,RUS,0.61
2024,Triathlon,SLO,5.72
2024,Triathlon,SUI,2.04
2024,Triathlon,SVK,1.79
2024,Triathlon,SWE,1.79
2024,Triathlon,UKR,0.37
2024,Triathlon,USA,0.66
2024,Volleyball,ARG,0.08
2024,Volleyball,BRA,2.29
2024,Volleyball,CAN,13.35
2024,Volleyball,CHN,2.2
2024,Volleyball,CMR,0.48
2024,Volleyball,CUB,1.06
2024,Volleyball,EGY,0.14
2024,Volleyball,FRA,3.45
2024,Volleyball,IRI,0.0
2024,Volleyball,ITA,0.01
2024,Volleyball,JPN,9.08
2024,Volleyball,KOR,0.0
2024,Volleyball,MEX,0.2
2024,Volleyball,NED,0.82
2024,Volleyball,POL,5.78
2024,Volleyball,PUR,8.7
2024,Volleyball,RUS,3.02
2024,Volleyball,SRB,0.5
2024,Volleyball,USA,0.24
2024,Water Polo,AUS,0.08
2024,Water Polo,BRA,1.85
2024,Water Polo,CHN,2.2
2024,Water Polo,CRO,0.06
2024,Water Polo,ESP,0.2
2024,Water Polo,FRA,3.41
2024,Water Polo,GRE,1.68
2024,Water Polo,HUN,0.0
2024,Water Polo,ITA,0.03
2024,Water Polo,JPN,9.09
2024,Water Polo,MNE,1.21
2024,Water Polo,RUS,3.02
2024,Water Polo,SRB,0.5
2024,Water Polo,USA,0.24
2024,Weightlifting,ALB,0.39
2024,Weightlifting,ALG,0.39
2024,Weightlifting,ARG,0.42
2024,Weightlifting,ARM,1.85
2024,Weightlifting,ASA,1.33
2024,Weightlifting,AUS,1.33
2024,Weightlifting,AUT,12.75
2024,Weightlifting,BEL,0.0
2024,Weightlifting,BLR,0.17
2024,Weightlifting,BRA,0.91
2024,Weightlifting,CAN,0.89
2024,Weightlifting,CHI,0.04
2024,Weightlifting,CHN,0.04
2024,Weightlifting,CMR,0.08
2024,Weightlifting,COK,0.0
2024,Weightlifting,COL,0.0
2024,Weightlifting,CRO,0.03
2024,Weightlifting,CUB,0.12
2024,Weightlifting,CZE,0.14
2024,Weightlifting,DOM,0.52
2024,Weightlifting,ECU,0.46
2024,Weightlifting,EGY,0.46
2024,Weightlifting,ESA,1.16
2024,Weightlifting,ESP,3.86
2024,Weightlifting,EST,7.74
2024,Weightlifting,FIJ,2.86
2024,Weightlifting,FIN,4.48
2024,Weightlifting,FRA,1.01
2024,Weightlifting,GBR,17.99
2024,Weightlifting,GEO,24.09
2024,Weightlifting,GER,24.77
2024,Weightlifting,GHA,4.05
2024,Weightlifting,GRE,1.07
2024,Weightlifting,GUA,3.19
2024,Weightlifting,HAI,0.11
2024,Weightlifting,HON,0.11
2024,Weightlifting,HUN,0.11
2024,Weightlifting,INA,0.11
2024,Weightlifting,IND,0.11
2024,Weightlifting,IRI,0.03
2024,Weightlifting,IRQ,0.37
2024,Weightlifting,ISR,0.07
2024,Weightlifting,ITA,0.2
2024,Weightlifting,JPN,3.25
2024,Weightlifting,KAZ,1.11
2024,Weightlifting,KEN,0.73
2024,Weightlifting,KGZ,0.31
2024,Weightlifting,KIR,0.42
2024,Weightlifting,KOR,0.16
2024,Weightlifting,KSA,0.11
2024,Weightlifting,LAT,1.01
2024,Weightlifting,LTU,0.62
2024,Weightlifting,MAD,0.7
2024,Weightlifting,MAR,0.7
2024,Weightlifting,MAS,0.7
2024,Weightlifting,MDA,0.3
2024,Weightlifting,MEX,0.06
2024,Weightlifting,MGL,0.06
2024,Weightlifting,MHL,0.02
2024,Weightlifting,MLT,0.02
2024,Weightlifting,MRI,0.0
2024,Weightlifting,NCA,0.0
2024,Weightlifting,NGR,0.0
2024,Weightlifting,NRU,8.85
2024,Weightlifting,NZL,1.33
2024,Weightlifting,PER,2.49
2024,Weightlifting,PHI,0.86
2024,Weightlifting,PNG,0.15
2024,Weightlifting,POL,0.06
2024,Weightlifting,PRK,0.0
2024,Weightlifting,PUR,0.4
2024,Weightlifting,QAT,0.61
2024,Weightlifting,ROU,0.03
2024,Weightlifting,SAM,0.19
2024,Weightlifting,SEY,0.06
2024,Weightlifting,SOL,0.08
2024,Weightlifting,SRI,1.31
2024,Weightlifting,SVK,0.3
2024,Weightlifting,SWE,0.28
2024,Weightlifting,SYR,0.32
2024,Weightlifting,THA,0.32
2024,Weightlifting,TKM,0.78
2024,Weightlifting,TPE,0.97
2024,Weightlifting,TUN,0.01
2024,Weightlifting,TUR,0.04
2024,Weightlifting,UAE,0.0
2024,Weightlifting,UKR,0.0
2024,Weightlifting,URU,0.01
2024,Weightlifting,USA,0.45
2024,Weightlifting,UZB,0.0
2024,Weightlifting,VEN,0.21
2024,Weightlifting,VIE,0.21
2024,Wrestling,ALG,0.02
2024,Wrestling,ARG,0.02
2024,Wrestling,ARM,0.06
2024,Wrestling,AUS,0.02
2024,Wrestling,AUT,4.73
2024,Wrestling,AZE,0.3
2024,Wrestling,BLR,0.02
2024,Wrestling,BRA,0.03
2024,Wrestling,BRN,0.28
2024,Wrestling,BUL,0.0
2024,Wrestling,CAM,0.79
2024,Wrestling,CAN,0.55
2024,Wrestling,CHN,0.0
2024,Wrestling,CMR,0.47
2024,Wrestling,COL,0.08
2024,Wrestling,CRO,0.34
2024,Wrestling,CUB,0.76
2024,Wrestling,CZE,1.3
2024,Wrestling,DEN,5.49
2024,Wrestling,ECU,0.16
2024,Wrestling,EGY,0.0
2024,Wrestling,ESP,0.0
2024,Wrestling,EST,1.48
2024,Wrestling,FIN,12.68
2024,Wrestling,FRA,0.94
2024,Wrestling,GBS,1.13
2024,Wrestling,GEO,1.57
2024,Wrestling,GER,1.76
2024,Wrestling,GRE,0.75
2024,Wrestling,HAI,0.0
2024,Wrestling,HUN,0.0
2024,Wrestling,IND,0.0
2024,Wrestling,IRI,0.7
2024,Wrestling,ISR,0.4
2024,Wrestling,ITA,0.12
2024,Wrestling,JPN,6.1
2024,Wrestling,KAZ,1.93
2024,Wrestling,KGZ,0.17
2024,Wrestling,KOR,0.1
2024,Wrestling,LAT,4.52
2024,Wrestling,LTU,0.02
2024,Wrestling,MAR,0.02
2024,Wrestling,MDA,0.04
2024,Wrestling,MEX,0.0
2024,Wrestling,MGL,0.0
2024,Wrestling,NED,0.0
2024,Wrestling,NGR,0.0
2024,Wrestling,NOR,0.0
2024,Wrestling,PER,0.38
2024,Wrestling,PLW,0.03
2024,Wrestling,POL,0.02
2024,Wrestling,PRK,0.0
2024,Wrestling,PUR,0.0
2024,Wrestling,ROU,0.0
2024,Wrestling,RUS,0.0
2024,Wrestling,SEN,0.34
2024,Wrestling,SRB,0.14
2024,Wrestling,SWE,0.02
2024,Wrestling,TPE,2.17
2024,Wrestling,TUN,0.0
2024,Wrestling,TUR,0.01
2024,Wrestling,UKR,0.0
2024,Wrestling,USA,0.78
2024,Wrestling,UZB,0.08
2024,Wrestling,VEN,0.64
2024,Wrestling,VIE,0.72
